Model,WJac Ealier Box,Euc Ealier Box
LSTM,1.4777856107798073e-13,1.0044206023866846
LSTM+input-cell At.,0.10653603838096828,0.9165786489397277
